nationalGridBmUnit,bmUnitType
ABERU-1,E
ABRBO-1,T
ABRTW-1,E
ACHLW-1,S
ACHRW-1,T
ACHYW-1,
AFTOW-1,T
AG-ADL00B,V
AG-ADL01M,V
AG-ADL02G,V
AG-ADL03E,V
AG-ADL04H,V
AG-ADL05H,V
AG-AECO01,S
AG-AEDF01,S
AG-AEDF02,S
AG-AEDF03,S
AG-AEDF04,S
AG-AFLX01,S
AG-AFLX02,S
AG-AFLX03,S
AG-AFLX04,S
AG-AFLX05,S
AG-AHAR01,S
AG-ALIM01,G
AG-ALIM02,S
AG-ALIM03,S
AG-ALIM04,S
AG-AOCT01,S
AG-ASTK01,S
AG-ASTK02,S
AG-ASTK03,S
AG-ASTK04,S
AG-ASTK05,S
AG-ASTK06,S
AG-ASTK07,S
AG-ASTK08,S
AG-ASTK09,S
AG-ASTK99,S
AG-AUKP01,S
AG-AXL00K,V
AG-BEDF01,S
AG-BEDF02,S
AG-BEDF03,S
AG-BEDF04,S
AG-BEDG01,S
AG-BFLX01,S
AG-BFLX02,S
AG-BFLX03,S
AG-BFLX04,S
AG-BHAR01,S
AG-BLIM01,G
AG-BLIM02,S
AG-BLIM03,S
AG-BLIM04,S
AG-BOCT01,S
AG-BSMA01,S
AG-BSMA02,S
AG-BSTK01,S
AG-BSTK02,S
AG-BSTK03,S
AG-BSTK04,S
AG-BSTK99,S
AG-BUKP01,S
AG-CBS02L,V
AG-CBS05L,V
AG-CBS06B,V
AG-CBS07B,V
AG-CBS08M,V
AG-COCT00,S
AG-CPAD01,S
AG-DEDF01,S
AG-DEDF02,S
AG-DLIM01,S
AG-DSK01H,V
AG-DSMA01,S
AG-DSMA02,S
AG-DSTK01,S
AG-DSTK02,S
AG-DSTK03,S
AG-DSTK04,S
AG-DSTK05,S
AG-DSTK06,S
AG-DSTK07,S
AG-DSTK99,S
AG-DUKP01,S
AG-EDF01C,V
AG-EEDF01,S
AG-EFLX01,S
AG-EFLX02,S
AG-EFLX03,S
AG-EFLX04,S
AG-ELIM01,G
AG-ELIM02,S
AG-ELIM03,S
AG-ENX00A,V
AG-EOCT01,S
AG-ERV01M,V
AG-ESMA01,S
AG-ESTK01,S
AG-ESTK02,S
AG-ESTK03,S
AG-ESTK04,S
AG-ESTK05,S
AG-ESTK99,S
AG-EUKP01,S
AG-EXE00E,V
AG-FEDF01,S
AG-FEDF02,S
AG-FFLX01,S
AG-FLIM01,S
AG-FLIM02,S
AG-FLX00L,V
AG-FLX01P,V
AG-FLX02N,V
AG-FLX03H,V
AG-FLX04A,V
AG-FLX04E,V
AG-FLX06M,V
AG-FLX07N,V
AG-FLX09A,V
AG-FLX0AA,V
AG-FLX0BH,V
AG-FLX0CN,V
AG-FOR01G,V
AG-FOR01N,V
AG-FSTK01,S
AG-FSTK02,S
AG-FSTK03,S
AG-FSTK99,S
AG-GBL01B,V
AG-GBL02E,V
AG-GBL03F,V
AG-GBL04M,V
AG-GBL05D,V
AG-GBL06G,V
AG-GBL07N,V
AG-GBL08H,V
AG-GBL09B,V
AG-GBL0AE,V
AG-GBL0BE,V
AG-GBL0CE,V
AG-GBL0DN,V
AG-GBL0EN,V
AG-GBL0FM,V
AG-GBL0GM,V
AG-GBL0HM,V
AG-GBL0IA,V
AG-GBL0JP,V
AG-GBL0KB,V
AG-GBL0LB,V
AG-GBL0MM,V
AG-GBL0NN,V
AG-GBL0OH,V
AG-GBL0PE,V
AG-GEDF01,S
AG-GEDF02,S
AG-GEDF03,S
AG-GEDF04,S
AG-GFLX01,S
AG-GFLX02,S
AG-GFLX03,S
AG-GFLX04,S
AG-GFLX05,S
AG-GFLX06,S
AG-GFLX07,S
AG-GFLX08,S
AG-GLIM01,S
AG-GLIM02,S
AG-GLIM03,S
AG-GLIM04,S
AG-GLIM05,S
AG-GLIM06,S
AG-GSMA01,S
AG-GSMA02,S
AG-GSTK01,S
AG-GSTK02,S
AG-GSTK03,S
AG-GSTK04,S
AG-GSTK05,S
AG-GSTK06,S
AG-GSTK07,S
AG-GSTK08,S
AG-GSTK09,S
AG-GSTK10,S
AG-GSTK11,S
AG-GSTK12,S
AG-GSTK13,S
AG-GSTK14,S
AG-GSTK15,S
AG-GSTK16,S
AG-GSTK17,S
AG-GSTK99,S
AG-GUKP01,S
AG-GZP03K,V
AG-GZP04K,V
AG-GZP05E,V
AG-GZP06B,V
AG-GZP07G,V
AG-GZP08M,V
AG-HEDF01,S
AG-HEDF02,S
AG-HEL00G,V
AG-HEL01H,V
AG-HEL0AG,V
AG-HEL0BA,V
AG-HEL0CP,V
AG-HEL0DN,V
AG-HEL0EP,V
AG-HFLX01,S
AG-HLIM01,S
AG-HLIM02,S
AG-HLIM03,S
AG-HLIM04,S
AG-HLIM05,S
AG-HOCT01,S
AG-HSMA01,S
AG-HSTK01,S
AG-HSTK02,S
AG-HSTK03,S
AG-HSTK04,S
AG-HSTK05,S
AG-HSTK06,S
AG-HSTK07,S
AG-HSTK08,S
AG-HSTK99,S
AG-JEDF01,S
AG-JEDF02,S
AG-JEDF03,S
AG-JEDF04,S
AG-JLIM01,S
AG-JOCT01,S
AG-JSTK01,S
AG-JSTK02,S
AG-JSTK03,S
AG-JSTK99,S
AG-JUKP01,S
AG-KFLX01,S
AG-KFLX02,S
AG-KLIM01,S
AG-KSTK01,S
AG-KSTK02,S
AG-KSTK03,S
AG-KSTK04,S
AG-KSTK05,S
AG-KSTK06,S
AG-KSTK07,S
AG-KSTK99,S
AG-KUKP01,S
AG-LEDF01,S
AG-LFLX01,S
AG-LLIM01,S
AG-LLIM02,S
AG-LLIM03,S
AG-LLT00B,V
AG-LLT01H,V
AG-LLT02L,V
AG-LSTK01,S
AG-LSTK02,S
AG-LSTK03,S
AG-LSTK04,S
AG-LSTK99,S
AG-LUKP01,S
AG-MCAM01,S
AG-MCET01,S
AG-MECO01,S
AG-MFLX01,S
AG-MFLX02,S
AG-MFLX03,S
AG-MFLX04,S
AG-MLIM01,S
AG-MLIM02,S
AG-MLIM03,S
AG-MSMA01,S
AG-MSMA02,S
AG-MSTK01,S
AG-MSTK02,S
AG-MSTK03,S
AG-MSTK04,S
AG-MSTK05,S
AG-MSTK06,S
AG-MUKP01,S
AG-NEDF01,S
AG-NEDF02,S
AG-NEDF03,S
AG-NFLX01,S
AG-NFLX02,S
AG-NFLX03,S
AG-NFLX04,S
AG-NFLX05,S
AG-NFLX06,S
AG-NFLX07,S
AG-NFLX08,S
AG-NFLX09,S
AG-NHAV01,S
AG-NHAV02,S
AG-NLIM01,S
AG-NLIM02,S
AG-NLIM03,S
AG-NLIM04,S
AG-NLIM05,S
AG-NSMA01,S
AG-NSSE01,S
AG-NSTK01,S
AG-NSTK02,S
AG-NSTK03,S
AG-NSTK04,S
AG-NSTK99,S
AG-PEDF01,S
AG-PFLX01,S
AG-PFLX02,S
AG-POW01B,V
AG-PSMA01,S
AG-REC05L,S
AG-REC06B,S
AG-WSP00H,V
AG-WSP01K,V
AG-WSP02K,V
AG-WSP03H,V
AG-WSP04G,V
AG-WSP05D,V
AG-WSP06D,V
AG-ZEN03J,V
AG-ZEN06L,V
AG-ZEN7H,V
AIRSW-1,E
AJERE000,G
AKGLD-2,T
AKGLW-1,
AKGLW-2,T
AKGLW-3,T
ALCOA-1,E
ANGLD-1,T
ANSUW-1,T
ARBRB-1,E
ARCHW-1,T
ARNKB-1,E
ARNKB-2,E
ASHWW-1,E
ASLVW-1,E
BABAW-1,E
BAGE-1,T
BAGE-2,T
BAGED-1,T
BAGTD-1,T
BARNB-1,E
BBPG01,S
BDCHW-1,T
BEASC-1,T
BEATO-1,T
BEATO-2,T
BEATO-3,T
BEATO-4,T
BEINW-1,T
BENBW-1,T
BENBW-2,
BENBW-3,
BERKB-1,E
BETHW-1,E
BFSE01,S
BGLAW-1,
BHLAW-1,T
BHOLB-1,E
BJERE000,G
BLARW-1,E
BLHLB-1,T
BLHLB-2,T
BLHLB-3,T
BLHLB-4,T
BLHLD-1,T
BLHLD-2,T
BLHLD-3,T
BLKPB-1,E
BLKWW-1,T
BLLA-1,T
BLLA-2,T
BLPFB-1,T
BNAKW-1,
BNWKW-1,E
BOULW-1,
BOWLW-1,T
BOYNW-1,
BPGRD-1,T
BPGRD-2,T
BRBEO-1,T
BRCHS-1,T
BRDUW-1,E
BREDB-1,T
BRGDG-1,S
BRGG-1,E
BRIDU-1,E
BRNLW-1,E
BROAB-1,E
BROCW-1,T
BROFB-1,E
BROUD-1,E
BROXB-1,E
BRYBW-1,E
BSPHM-1,E
BTNHL-1,E
BTUIW-1,
BTUIW-2,E
BTUIW-3,E
BURBW-1,E
BURGH-1,E
BURWB-1,E
BURWS-1,T
BUSTB-1,T
BUXTB-1,S
BYBRB-1,S
CAIRW-2,S
CAPNB-1,T
CARR-1,T
CARR-2,T
CAS-BEU01,T
CAS-CLU01,T
CAS-CON01,T
CAS-GAR01,T
CAS-KIL01,T
CAS-MOR01,T
CASKD-1,T
CATHB-1,E
CAUSW-1,S
CBSDIS03M,V
CDCL-1,T
CDWTW-1,
CGTHW-1,T
CHAPB-1,E
CHICK-1,E
CHTRY-1,E
CJERE000,G
CLAC-1,E
CLACD-1,T
CLAYB-1,E
CLAYB-2,E
CLDCW-1,T
CLDNW-1,T
CLDRW-1,E
CLDSW-1,T
CLFLW-1,E
CLVHS-1,T
CLVHS-2,T
CMSTW-1,S
CNCLW-1,E
CNQPS-1,T
CNQPS-2,T
CNQPS-3,T
CNQPS-4,T
CONTB-1,E
CORB-1,E
CORY-1,
COSO-1,T
COUWW-1,T
COVNB-1,T
COWB-1,T
COWE1,E
COWE2,E
CRDEW-1,T
CRDEW-2,T
CREAW-1,T
CRGHD-1,T
CRGHW-1,T
CRGTW-1,E
CRMHW-1,
CRMLW-1,T
CRMNW-1,
CROYD-2,E
CRSSB-1,E
CRUA-1,T
CRUA-2,T
CRUA-3,T
CRUA-4,T
CRUAD-1,T
CRYRW-1,
CRYRW-2,T
CRYRW-3,T
CULJD-1,T
CUMHW-1,T
CUPAB-1,E
CWMD-1,E
DALQW-1,T
DALRD-1,T
DALSW-1,E
DAMC-1,T
DBAWO-1,T
DBAWO-2,T
DBAWO-3,T
DBAWO-4,T
DBAWO-5,T
DBFRM-1,E
DDGNO-1,T
DDGNO-2,T
DDGNO-3,T
DDGNO-4,T
DEAND-1,T
DEEP-1,
DERBY-2,E
DERW-1,E
DEUCW-1,
DIDC01G,E
DIDC02G,E
DIDC03G,E
DIDC04G,E
DIDCB5,T
DIDCB6,T
DINO-1,T
DINO-2,T
DINO-3,T
DINO-4,T
DINO-5,T
DINO-6,T
DJERE000,G
DNBAR-1,S
DNGB21,T
DNGB22,T
DNGBD-1,T
DNLWW-1,T
DOLLB-1,E
DOREW-1,T
DOREW-2,T
DOUGW-1,T
DOWL-1,E
DRAXD-1,E
DRAXD-2,E
DRAXX-1,T
DRAXX-10G,T
DRAXX-12G,T
DRAXX-2,T
DRAXX-3,T
DRAXX-4,T
DRAXX-5,T
DRAXX-6,T
DRAXX-9G,T
DRDGW-1,
DRSLW-1,T
DUMMW-1,
DUNGW-1,T
DWEXW-1,T
DYCEB-1,
EAAO-1,T
EAAO-2,T
EAD-BRTN1,I
EAD-ELEC1,I
EAD-EWIC1,I
EAD-FRAN1,I
EAD-GRN1,I
EAD-IFA2,I
EAD-MOYL1,I
EAD-NEMO1,I
EAD-NSL1,I
EAD-VKL1,I
EAG-BRTN1,I
EAG-ELEC1,I
EAG-EWIC1,I
EAG-FRAN1,I
EAG-GRN1,I
EAG-IFA2,I
EAG-MOYL1,I
EAG-NEMO1,I
EAG-NSL1,I
EAG-VKL1,I
EARBW-1,
EAS-ATL01,G
EAS-AXPO1,G
EAS-BGS01,G
EAS-BIZ01,G
EAS-BRT01,G
EAS-EAS01,G
EAS-EDF01,G
EAS-EDR01,G
EAS-ENR01,G
EAS-EON01,G
EAS-EST01,G
EAS-GDF01,G
EAS-HPW01,G
EAS-HVN01,G
EAS-INE01,G
EAS-LON01,G
EAS-MEC01,G
EAS-MID01,G
EAS-MNW01,G
EAS-NEE01,G
EAS-NPE01,G
EAS-NWP01,G
EAS-OCT01,G
EAS-OGA01,G
EAS-OVO01,G
EAS-PGE01,G
EAS-PGU01,G
EAS-RNW01,G
EAS-SEE01,G
EAS-SEL01,G
EAS-SPC01,G
EAS-SSE01,G
EAS-STH01,G
EAS-SWA01,G
EAS-SWT01,G
EAS-SYM01,G
EAS-TFE01,G
EAS-TIL01,G
EAS-YEP01,G
ECCFD-1,T
ECEN01,S
EDINW-1,T
EDTRW-1,
EECL-1,T
EGLSD-1,T
EJERE000,G
ELVAD-1,T
EMD-ATL01,G
EMD-AXPO1,G
EMD-BGS01,G
EMD-BIZ01,G
EMD-BRT01,G
EMD-EAS01,G
EMD-EDF01,G
EMD-EDR01,G
EMD-ENR01,G
EMD-EON01,G
EMD-EST01,G
EMD-GDF01,G
EMD-HPW01,G
EMD-HVN01,G
EMD-INE01,G
EMD-LON01,G
EMD-MEC01,G
EMD-MID01,G
EMD-MNW01,G
EMD-NEE01,G
EMD-NPE01,G
EMD-NWP01,G
EMD-OCT01,G
EMD-OGA01,G
EMD-OVO01,G
EMD-PGE01,G
EMD-PGU01,G
EMD-RNW01,G
EMD-SEE01,G
EMD-SEL01,G
EMD-SPC01,G
EMD-SSE01,G
EMD-STH01,G
EMD-SWA01,G
EMD-SWT01,G
EMD-SYM01,G
EMD-TFE01,G
EMD-TIL01,G
EMD-YEP01,G
ENDRB-1,T
ERRO-1,T
ERRO-2,T
ERRO-3,T
ERV00B,V
ESSE01,S
EWHLW-1,T
EXETR-2,E
FAARW-1,T
FAARW-2,T
FALGD-1,T
FALGW-1,T
FARNB-1,E
FASN-1,T
FASN-4,E
FASN2,T
FASN3,E
FAWN-1,E
FBPG01,S
FBPG02,S
FDUNT-1,E
FELL-1,E
FERRB-1,T
FERRB-2,T
FFES-1,T
FFES-2,T
FFES-3,T
FFES-4,T
FFSE01,S
FFSE02,S
FIDL-1,T
FIDL-2,T
FIDL-2G,T
FIDL-3,T
FIDL-3G,T
FIDL-4,T
FIDLST1,T
FINL-1,T
FJERE000,G
FOYE-1,T
FOYE-2,T
FOYED-1,T
FRBRW-1,
FSDLW-1,T
GAOFO-1,T
GAOFO-2,T
GAOFO-3,T
GAOFO-4,T
GDSTW-1,E
GFLDW-1,E
GFSE01,S
GFSE02,S
GJERE000,G
GLCHW-1,E
GLEND-1,T
GLNDO-1,T
GLNDOD1,T
GLNKW-1,T
GLOFW-1,E
GLSBB-1,S
GLWSW-1,T
GNAPW-1,T
GNFSW-1,T
GNFSW-2,T
GORDD-1,T
GORDW-1,T
GORDW-2,T
GOSHS-1,E
GOWKD-1,T
GRAI-6,T
GRAI-7,T
GRAI-8,T
GRAI1G,T
GRAI4G,T
GRAISC-1,T
GRAISC-2,T
GRCRB-1,E
GRGBW-1,T
GRGBW-2,T
GRGBW-3,T
GRGRW-1,E
GRIFW-1,T
GRIFW-2,T
GRIFWD-1,T
GRMO-1,T
GRTSC-1,T
GRUB-1,
GRUB-2,
GSMA03,S
GYAR-1,E
GYMRD-16,T
GYMRD-2,T
GYMRD-E10,T
GYMRD-E11,T
GYMRD-W10,T
GYMRD-W11,T
GYMRO-15,T
GYMRO-17,T
GYMRO-26,T
GYMRO-28,T
HADHW-1,T
HAGHW-2,T
HAHAW-1,T
HALSW-1,T
HAWFW-1,
HAWKB-1,E
HBHDW-1,E
HEYM11,T
HEYM12,T
HEYM27,T
HEYM28,T
HEYM2D-1,T
HFSE02,S
HINB-7,T
HINB-8,T
HINBD-1,T
HIRWB-1,V
HIRWN-1,T
HJERE000,G
HLGLW-1,E
HLTWW-1,E
HMGTO-1,T
HMGTO-2,T
HOWAO-1,T
HOWAO-2,T
HOWAO-3,T
HOWBO-1,T
HOWBO-2,T
HOWBO-3,T
HRHLW-1,E
HRSTB-1,T
HRSTW-1,T
HRTL-1,T
HRTL-2,T
HSSE01,S
HUMR-1,T
HUMR-2,T
HUMRD-1,T
HUNB-7,T
HUNB-8,T
HUNBD-1,T
HYWDW-1,E
I2D-ALEU1,I
I2D-ALIP1,I
I2D-ALPE1,I
I2D-ARON1,I
I2D-AROS1,I
I2D-ATLS1,I
I2D-AXPO1,I
I2D-BAYW1,I
I2D-BDEN1,I
I2D-BKWE1,I
I2D-BNPS1,I
I2D-BPGM1,I
I2D-CACM1,I
I2D-CBST1,I
I2D-CCME1,I
I2D-CENT1,I
I2D-CETL1,I
I2D-CEZC1,I
I2D-CFPE1,I
I2D-CNGS1,I
I2D-CNRE1,I
I2D-COMM1,I
I2D-CONS1,I
I2D-CONV1,I
I2D-COPN1,I
I2D-CURR1,I
I2D-DARE1,I
I2D-DMCC1,I
I2D-DSKC1,I
I2D-DUEN1,I
I2D-DUGE1,I
I2D-DVAL1,I
I2D-DVTD1,I
I2D-EDFT1,I
I2D-EDMK1,I
I2D-ELEE1,I
I2D-ELTR1,I
I2D-ENBW1,I
I2D-ENKI1,I
I2D-ENSC1,I
I2D-ENSP1,I
I2D-ENTC1,I
I2D-EPCO1,I
I2D-EWII1,I
I2D-EXXO1,I
I2D-EZCO1,I
I2D-EZPD1,I
I2D-FLEX1,I
I2D-GASE1,I
I2D-GAZP1,I
I2D-GENI1,I
I2D-GLEN1,I
I2D-GRMC1,I
I2D-GRMT1,I
I2D-HART1,I
I2D-HELI1,I
I2D-IBES1,I
I2D-IDCT1,I
I2D-INCM1,I
I2D-MCRA1,I
I2D-MFTE1,I
I2D-MQBN1,I
I2D-NDPL1,I
I2D-NEAS1,I
I2D-NEHO1,I
I2D-NITR1,I
I2D-NORL1,I
I2D-NTPL1,I
I2D-NVAL1,I
I2D-OMPX1,I
I2D-OPMX1,I
I2D-OUTL1,I
I2D-PEAK1,I
I2D-PETC1,I
I2D-PLAN1,I
I2D-PREP1,I
I2D-PWMR1,I
I2D-QTPT1,I
I2D-QUAR1,I
I2D-QUEN1,I
I2D-RESP1,I
I2D-RISQ1,I
I2D-RWES1,I
I2D-SETL1,I
I2D-SIRI1,I
I2D-SSEG1,I
I2D-STAT1,I
I2D-STGS1,I
I2D-TGPL1,I
I2D-TRFD1,I
I2D-TRFG1,I
I2D-TRGY1,I
I2D-TRLS1,I
I2D-TRSI1,I
I2D-VOLT1,I
I2D-VSAL1,I
I2D-VTET1,I
I2D-WOLF1,I
I2D-XNON1,I
I2G-ALEU1,I
I2G-ALIP1,I
I2G-ALPE1,I
I2G-ARON1,I
I2G-AROS1,I
I2G-ATLS1,I
I2G-AXPO1,I
I2G-BAYW1,I
I2G-BDEN1,I
I2G-BKWE1,I
I2G-BNPS1,I
I2G-BPGM1,I
I2G-CACM1,I
I2G-CBST1,I
I2G-CCME1,I
I2G-CENT1,I
I2G-CETL1,I
I2G-CEZC1,I
I2G-CFPE1,I
I2G-CNGS1,I
I2G-CNRE1,I
I2G-COMM1,I
I2G-CONS1,I
I2G-CONV1,I
I2G-COPN1,I
I2G-CURR1,I
I2G-DARE1,I
I2G-DMCC1,I
I2G-DSKC1,I
I2G-DUEN1,I
I2G-DUGE1,I
I2G-DVAL1,I
I2G-DVTD1,I
I2G-EDFT1,I
I2G-EDMK1,I
I2G-ELEE1,I
I2G-ELTR1,I
I2G-ENBW1,I
I2G-ENKI1,I
I2G-ENSC1,I
I2G-ENSP1,I
I2G-ENTC1,I
I2G-EPCO1,I
I2G-EWII1,I
I2G-EXXO1,I
I2G-EZCO1,I
I2G-EZPD1,I
I2G-FLEX1,I
I2G-GASE1,I
I2G-GAZP1,I
I2G-GENI1,I
I2G-GLEN1,I
I2G-GRMC1,I
I2G-GRMT1,I
I2G-HART1,I
I2G-HELI1,I
I2G-IBES1,I
I2G-IDCT1,I
I2G-INCM1,I
I2G-MCRA1,I
I2G-MFTE1,I
I2G-MQBN1,I
I2G-NDPL1,I
I2G-NEAS1,I
I2G-NEHO1,I
I2G-NITR1,I
I2G-NORL1,I
I2G-NTPL1,I
I2G-NVAL1,I
I2G-OMPX1,I
I2G-OPMX1,I
I2G-OUTL1,I
I2G-PEAK1,I
I2G-PETC1,I
I2G-PLAN1,I
I2G-PREP1,I
I2G-PWMR1,I
I2G-QTPT1,I
I2G-QUAR1,I
I2G-QUEN1,I
I2G-RESP1,I
I2G-RISQ1,I
I2G-RWES1,I
I2G-SETL1,I
I2G-SIRI1,I
I2G-SSEG1,I
I2G-STAT1,I
I2G-STGS1,I
I2G-TGPL1,I
I2G-TRFD1,I
I2G-TRFG1,I
I2G-TRGY1,I
I2G-TRLS1,I
I2G-TRSI1,I
I2G-VOLT1,I
I2G-VSAL1,I
I2G-VTET1,I
I2G-WOLF1,I
I2G-XNON1,I
IBD-AARH1,I
IBD-ALIP1,I
IBD-ALPE1,I
IBD-ARON1,I
IBD-AROS1,I
IBD-ATLS1,I
IBD-BDEN1,I
IBD-BKWE1,I
IBD-BPGE1,I
IBD-BRTN1,I
IBD-CACM1,I
IBD-CBST1,I
IBD-CCME1,I
IBD-CENT1,I
IBD-CETA1,I
IBD-CEZC1,I
IBD-CFPE1,I
IBD-CGML1,I
IBD-CNGS1,I
IBD-COMM1,I
IBD-CONS1,I
IBD-CONV1,I
IBD-COPN1,I
IBD-CURR1,I
IBD-DARE1,I
IBD-DMCC1,I
IBD-DNGN1,I
IBD-DSKC1,I
IBD-DUFE1,I
IBD-DVAL1,I
IBD-DVTD1,I
IBD-EDFT1,I
IBD-EDMK1,I
IBD-EGLE1,I
IBD-ELEE1,I
IBD-ELTR1,I
IBD-ENEL1,I
IBD-ENET1,I
IBD-ENGM1,I
IBD-ENSP1,I
IBD-ENTC1,I
IBD-EOET1,I
IBD-EPCO1,I
IBD-ERVA1,I
IBD-EWII1,I
IBD-EZC01,I
IBD-EZCO1,I
IBD-EZPD1,I
IBD-FLEX1,I
IBD-FPCD1,I
IBD-GAZP1,I
IBD-GENI1,I
IBD-GLEN1,I
IBD-GRMC1,I
IBD-GRMT1,I
IBD-GRNC1,I
IBD-HART1,I
IBD-HELI1,I
IBD-IBES1,I
IBD-IDCE1,I
IBD-IDCT1,I
IBD-INCM1,I
IBD-KCST1,I
IBD-LTFD1,I
IBD-MCRA1,I
IBD-MFTE1,I
IBD-MONL1,I
IBD-NEAS1,I
IBD-NEHO1,I
IBD-NITR1,I
IBD-NORL1,I
IBD-NTPL1,I
IBD-OMPX1,I
IBD-OPMX1,I
IBD-OUTL1,I
IBD-PETC1,I
IBD-PTRS1,I
IBD-PWMR1,I
IBD-PZEM1,I
IBD-QTPT1,I
IBD-QUAR1,I
IBD-QUEN1,I
IBD-RESP1,I
IBD-RISQ1,I
IBD-RWES1,I
IBD-SEAG1,I
IBD-SETL1,I
IBD-SIRI1,I
IBD-SSEG1,I
IBD-STAT1,I
IBD-STGS1,I
IBD-TGPL1,I
IBD-TRFD1,I
IBD-TRFG1,I
IBD-TRLS1,I
IBD-VETR1,I
IBD-VOLT1,I
IBD-VSAL1,I
IBD-VTUS1,I
IBD-XNON1,I
IBG-AARH1,I
IBG-ALIP1,I
IBG-ALPE1,I
IBG-ARON1,I
IBG-AROS1,I
IBG-ATLS1,I
IBG-BDEN1,I
IBG-BKWE1,I
IBG-BPGE1,I
IBG-BRTN1,I
IBG-CACM1,I
IBG-CBST1,I
IBG-CCME1,I
IBG-CENT1,I
IBG-CETA1,I
IBG-CEZC1,I
IBG-CFPE1,I
IBG-CGML1,I
IBG-CNGS1,I
IBG-COMM1,I
IBG-CONS1,I
IBG-CONV1,I
IBG-COPN1,I
IBG-CURR1,I
IBG-DARE1,I
IBG-DMCC1,I
IBG-DNGN1,I
IBG-DSKC1,I
IBG-DUFE1,I
IBG-DVAL1,I
IBG-DVTD1,I
IBG-EDFT1,I
IBG-EDMK1,I
IBG-EGLE1,I
IBG-ELEE1,I
IBG-ELTR1,I
IBG-ENEL1,I
IBG-ENET1,I
IBG-ENGM1,I
IBG-ENSP1,I
IBG-ENTC1,I
IBG-EOET1,I
IBG-EPCO1,I
IBG-ERVA1,I
IBG-EWII1,I
IBG-EZC01,I
IBG-EZCO1,I
IBG-EZPD1,I
IBG-FLEX1,I
IBG-FPCD1,I
IBG-GAZP1,I
IBG-GENI1,I
IBG-GLEN1,I
IBG-GRMC1,I
IBG-GRMT1,I
IBG-GRNC1,I
IBG-HART1,I
IBG-HELI1,I
IBG-IBES1,I
IBG-IDCE1,I
IBG-IDCT1,I
IBG-INCM1,I
IBG-KCST1,I
IBG-LTFD1,I
IBG-MCRA1,I
IBG-MFTE1,I
IBG-MONL1,I
IBG-NEAS1,I
IBG-NEHO1,I
IBG-NITR1,I
IBG-NORL1,I
IBG-NTPL1,I
IBG-OMPX1,I
IBG-OPMX1,I
IBG-OUTL1,I
IBG-PETC1,I
IBG-PTRS1,I
IBG-PWMR1,I
IBG-PZEM1,I
IBG-QTPT1,I
IBG-QUAR1,I
IBG-QUEN1,I
IBG-RESP1,I
IBG-RISQ1,I
IBG-RWES1,I
IBG-SEAG1,I
IBG-SETL1,I
IBG-SIRI1,I
IBG-SSEG1,I
IBG-STAT1,I
IBG-STGS1,I
IBG-TGPL1,I
IBG-TRFD1,I
IBG-TRFG1,I
IBG-TRLS1,I
IBG-VETR1,I
IBG-VOLT1,I
IBG-VSAL1,I
IBG-VTUS1,I
IBG-XNON1,I
IED-ELEC1,I
IED-EWIC1,I
IED-FRAN1,I
IED-GRN1,I
IED-IFA2,I
IED-MOYL1,I
IED-NSL1,I
IED-VKL1,I
IEG-ELEC1,I
IEG-EWIC1,I
IEG-FRAN1,I
IEG-GRN1,I
IEG-GRNL1,
IEG-IFA2,I
IEG-MOYL1,I
IEG-NSL1,I
IEG-VKL1,I
IFD-ACCE1,I
IFD-ALEU1,I
IFD-ALIP1,I
IFD-ALPE1,I
IFD-ARON1,I
IFD-AROS1,I
IFD-ATLS1,I
IFD-BAYW1,I
IFD-BDEN1,I
IFD-BKWE1,I
IFD-BNPS1,I
IFD-BPGE1,I
IFD-CACM1,I
IFD-CBST1,I
IFD-CCME1,I
IFD-CETL1,I
IFD-CEZC1,I
IFD-CFPE1,I
IFD-CGML1,I
IFD-CNGS1,I
IFD-CNRE1,I
IFD-COMM1,I
IFD-CONS1,I
IFD-CONV1,I
IFD-COPN1,I
IFD-CURR1,I
IFD-DARE1,I
IFD-DMCC1,I
IFD-DNGN1,I
IFD-DSKC1,I
IFD-DUEN1,I
IFD-DUFE1,I
IFD-DVAL1,I
IFD-DVTD1,I
IFD-ECCA1,I
IFD-EDFT1,I
IFD-EDMK1,I
IFD-EGLE1,I
IFD-ELEE1,I
IFD-ELTR1,I
IFD-ENBW1,I
IFD-ENEL1,I
IFD-ENET1,I
IFD-ENKI1,I
IFD-ENSC1,I
IFD-ENSP1,I
IFD-ENTC1,I
IFD-ENVM1,I
IFD-EOET1,I
IFD-EPCO1,I
IFD-ERVA1,I
IFD-EWII1,I
IFD-EXXO1,I
IFD-EZCO1,I
IFD-EZPD1,I
IFD-FLEX1,I
IFD-FPCD1,I
IFD-GASE1,I
IFD-GAZP1,I
IFD-GDFE1,I
IFD-GENI1,I
IFD-GLEN1,I
IFD-GRMC,I
IFD-GRMT1,I
IFD-HART1,I
IFD-HELI1,I
IFD-IBES1,I
IFD-IDCT1,I
IFD-INCM1,I
IFD-KCST1,I
IFD-LTFD1,I
IFD-MCRA1,I
IFD-MFTE1,I
IFD-MQBN1,I
IFD-NEAS1,I
IFD-NEHO1,I
IFD-NITR1,I
IFD-NORL1,I
IFD-NSDQ1,I
IFD-NTPL1,I
IFD-NVAL1,I
IFD-OMPX1,I
IFD-OPMX1,I
IFD-OUTL1,I
IFD-PEAK1,I
IFD-PETC1,I
IFD-PLAN1,I
IFD-PTRS1,I
IFD-PWMR1,I
IFD-QTPT1,I
IFD-QUAR1,I
IFD-QUEN1,I
IFD-RESP1,I
IFD-RISQ1,I
IFD-RWES1,I
IFD-SETL1,I
IFD-SIRI1,I
IFD-SPEM1,I
IFD-SSEG1,I
IFD-STAT1,I
IFD-STGS1,I
IFD-TFEE1,I
IFD-TRFD1,I
IFD-TRFG1,I
IFD-TRGY1,I
IFD-TRLS1,I
IFD-TRSI1,I
IFD-VOLT1,I
IFD-VSAL1,I
IFD-VTFS1,I
IFD-WOLF1,I
IFD-XNON1,I
IFG-ACCE1,I
IFG-ALEU1,I
IFG-ALIP1,I
IFG-ALPE1,I
IFG-ARON1,I
IFG-AROS1,I
IFG-ATLS1,I
IFG-BAYW1,I
IFG-BDEN1,I
IFG-BKWE1,I
IFG-BNPS1,I
IFG-BPGE1,I
IFG-CACM1,I
IFG-CBST1,I
IFG-CCME1,I
IFG-CETL1,I
IFG-CEZC1,I
IFG-CFPE1,I
IFG-CGML1,I
IFG-CNGS1,I
IFG-CNRE1,I
IFG-COMM1,I
IFG-CONS1,I
IFG-CONV1,I
IFG-COPN1,I
IFG-CURR1,I
IFG-DARE1,I
IFG-DMCC1,I
IFG-DNGN1,I
IFG-DSKC1,I
IFG-DUEN1,I
IFG-DUFE1,I
IFG-DVAL1,I
IFG-DVTD1,I
IFG-ECCA1,I
IFG-EDFT1,I
IFG-EDMK1,I
IFG-EGLE1,I
IFG-ELEE1,I
IFG-ELTR1,I
IFG-ENBW1,I
IFG-ENEL1,I
IFG-ENET1,I
IFG-ENKI1,I
IFG-ENSC1,I
IFG-ENSP1,I
IFG-ENTC1,I
IFG-ENVM1,I
IFG-EOET1,I
IFG-EPCO1,I
IFG-ERVA1,I
IFG-EWII1,I
IFG-EXXO1,I
IFG-EZCO1,I
IFG-EZPD1,I
IFG-FLEX1,I
IFG-FPCD1,I
IFG-GASE1,I
IFG-GAZP1,I
IFG-GDFE1,I
IFG-GENI1,I
IFG-GLEN1,I
IFG-GRMC1,I
IFG-GRMT1,I
IFG-HART1,I
IFG-HELI1,I
IFG-IBES1,I
IFG-IDCT1,I
IFG-INCM1,I
IFG-KCST1,I
IFG-LTFD1,I
IFG-MCRA1,I
IFG-MFTE1,I
IFG-MQBN1,I
IFG-NEAS1,I
IFG-NEHO1,I
IFG-NITR1,I
IFG-NORL1,I
IFG-NSDQ1,I
IFG-NTPL1,I
IFG-NVAL1,I
IFG-OMPX1,I
IFG-OPMX1,I
IFG-OUTL1,I
IFG-PEAK1,I
IFG-PETC1,I
IFG-PLAN1,I
IFG-PTRS1,I
IFG-PWMR1,I
IFG-QTPT1,I
IFG-QUAR1,I
IFG-QUEN1,I
IFG-RESP1,I
IFG-RISQ1,I
IFG-RWES1,I
IFG-SETL1,I
IFG-SIRI1,I
IFG-SPEM1,I
IFG-SSEG1,I
IFG-STAT1,I
IFG-STGS1,I
IFG-TFEE1,I
IFG-TRFD1,I
IFG-TRFG1,I
IFG-TRGY1,I
IFG-TRLS1,I
IFG-TRSI1,I
IFG-VOLT1,I
IFG-VSAL1,I
IFG-VTFS1,I
IFG-WOLF1,I
IFG-XNON1,I
IGD-STAT1,I
IGG-STAT1,I
IID-AXPO1,I
IID-BGSE1,I
IID-BRKF1,I
IID-DSKC1,I
IID-ELTR1,I
IID-ENGI1,I
IID-ERVA1,I
IID-ESBI1,I
IID-ESBI2,I
IID-INCM1,I
IID-LTFD1,I
IID-NSEN1,I
IID-RWES1,I
IID-SEEL1,I
IID-STAT1,I
IID-VAYU1,I
IID-VESL1,I
IIG-AXPO1,I
IIG-BGSE1,I
IIG-BRKF1,I
IIG-DSKC1,I
IIG-ELTR1,I
IIG-ENGI1,I
IIG-ERVA1,I
IIG-ESBI1,I
IIG-ESBI2,I
IIG-INCM1,I
IIG-LTFD1,I
IIG-NSEN1,I
IIG-RWES1,I
IIG-SEEL1,I
IIG-STAT1,I
IIG-VAYU1,I
IIG-VESL1,I
ILD-ALIP1,I
ILD-ALPE1,I
ILD-ARON1,I
ILD-AROS1,I
ILD-ATLS1,I
ILD-BAYW1,I
ILD-BKWE1,I
ILD-BPGM1,I
ILD-CACM1,I
ILD-CBST1,I
ILD-CCME1,I
ILD-CENT1,I
ILD-CETL1,I
ILD-CEZC1,I
ILD-CFPE1,I
ILD-COMM1,I
ILD-CONS1,I
ILD-COPN1,I
ILD-CURR1,I
ILD-DARE1,I
ILD-DMCC1,I
ILD-DSKC1,I
ILD-DUEN1,I
ILD-DUFE1,I
ILD-DVAL1,I
ILD-DVTD1,I
ILD-EDFT1,I
ILD-EDMK1,I
ILD-ELTR1,I
ILD-ENBW1,I
ILD-ENGM1,I
ILD-ENSC1,I
ILD-ENTC1,I
ILD-EPCO1,I
ILD-EWII1,I
ILD-EXXO1,I
ILD-EZCO1,I
ILD-EZPD1,I
ILD-FLEX1,I
ILD-GENI1,I
ILD-GLEN1,I
ILD-GNER1,I
ILD-GRMC1,I
ILD-HART1,I
ILD-HELI1,I
ILD-INCM1,I
ILD-MCRA1,I
ILD-MFTE1,I
ILD-NDPL1,I
ILD-NEAS1,I
ILD-NEHO1,I
ILD-NITR1,I
ILD-NORL1,I
ILD-NTPL1,I
ILD-NWAT1,I
ILD-OPMX1,I
ILD-OUTL1,I
ILD-PEAK1,I
ILD-PETC1,I
ILD-PREP1,I
ILD-PWMR1,I
ILD-QUAR1,I
ILD-RESP1,I
ILD-RISQ1,I
ILD-RWES1,I
ILD-SEFE1,I
ILD-SETL1,I
ILD-SIRI1,I
ILD-STGS1,I
ILD-TGPL1,I
ILD-TRFD1,I
ILD-TRFG1,I
ILD-TRLS1,I
ILD-VOLT1,I
ILD-VSAL1,I
ILD-VTFS1,I
ILD-XNON1,I
ILG-ALIP1,I
ILG-ALPE1,I
ILG-ARON1,I
ILG-AROS1,I
ILG-ATLS1,I
ILG-BAYW1,I
ILG-BKWE1,I
ILG-BPGM1,I
ILG-CACM1,I
ILG-CBST1,I
ILG-CCME1,I
ILG-CENT1,I
ILG-CETL1,I
ILG-CEZC1,I
ILG-CFPE1,I
ILG-COMM1,I
ILG-CONS1,I
ILG-COPN1,I
ILG-CURR1,I
ILG-DARE1,I
ILG-DMCC1,I
ILG-DSKC1,I
ILG-DUEN1,I
ILG-DUFE1,I
ILG-DVAL1,I
ILG-DVTD1,I
ILG-EDFT1,I
ILG-EDMK1,I
ILG-ELTR1,I
ILG-ENBW1,I
ILG-ENGM1,I
ILG-ENSC1,I
ILG-ENTC1,I
ILG-EPCO1,I
ILG-EWII1,I
ILG-EXXO1,I
ILG-EZCO1,I
ILG-EZPD1,I
ILG-FLEX1,I
ILG-GENI1,I
ILG-GLEN1,I
ILG-GNER1,I
ILG-GRMC1,I
ILG-HART1,I
ILG-HELI1,I
ILG-INCM1,I
ILG-MCRA1,I
ILG-MFTE1,I
ILG-NDPL1,I
ILG-NEAS1,I
ILG-NEHO1,I
ILG-NITR1,I
ILG-NORL1,I
ILG-NTPL1,I
ILG-NWAT1,I
ILG-OPMX1,I
ILG-OUTL1,I
ILG-PEAK1,I
ILG-PETC1,I
ILG-PREP1,I
ILG-PWMR1,I
ILG-QUAR1,I
ILG-RESP1,I
ILG-RISQ1,I
ILG-RWES1,I
ILG-SEFE1,I
ILG-SETL1,I
ILG-SIRI1,I
ILG-STGS1,I
ILG-TGPL1,I
ILG-TRFD1,I
ILG-TRFG1,I
ILG-TRLS1,I
ILG-VOLT1,I
ILG-VSAL1,I
ILG-VTFS1,I
ILG-XNON1,I
ILMEB-1,E
IMD-AXPO1,I
IMD-BGSE1,I
IMD-BRKF1,I
IMD-DSKC1,I
IMD-ELTR1,I
IMD-ENGI1,I
IMD-ERVA1,I
IMD-ESBE1,I
IMD-ESBI1,I
IMD-INCM1,I
IMD-LTFD1,I
IMD-NIRE1,I
IMD-NSEN1,I
IMD-RWES1,I
IMD-SEEL1,I
IMD-SPEM1,I
IMD-STAT1,I
IMD-VESL1,I
IMG-AXPO1,I
IMG-BGSE1,I
IMG-BRKF1,I
IMG-DSKC1,I
IMG-ELTR1,I
IMG-ENGI1,I
IMG-ERVA1,I
IMG-ESBE1,I
IMG-ESBI1,I
IMG-INCM1,I
IMG-LTFD1,I
IMG-NIRE1,I
IMG-NSEN1,I
IMG-RWES1,I
IMG-SEEL1,I
IMG-SPEM1,I
IMG-STAT1,I
IMG-VESL1,I
INAW-1,
IND-ALIP1,I
IND-ALPE1,I
IND-ARON1,I
IND-AROS1,I
IND-ATLS1,I
IND-AXPO1,I
IND-BDEN1,I
IND-BKWE1,I
IND-BPGM1,I
IND-CACM1,I
IND-CBST1,I
IND-CCME1,I
IND-CENT1,I
IND-CETA1,I
IND-CEZC1,I
IND-CFPE1,I
IND-CNGS1,I
IND-COMM1,I
IND-CONS1,I
IND-CONV1,I
IND-COPN1,I
IND-DARE1,I
IND-DMCC1,I
IND-DSKC1,I
IND-DUFE1,I
IND-DVAL1,I
IND-EDFT1,I
IND-EDMK1,I
IND-ELEE1,I
IND-ELTR1,I
IND-ENET1,I
IND-ENTC1,I
IND-EPCO1,I
IND-EWII1,I
IND-EZCO1,I
IND-FLEX1,I
IND-GASE1,I
IND-GAZP1,I
IND-GENI1,I
IND-GLEN1,I
IND-GRMC1,I
IND-HART1,I
IND-HELI1,I
IND-IDCE1,I
IND-IDCT1,I
IND-INCM1,I
IND-KCST1,I
IND-LMUS1,I
IND-MCRA1,I
IND-MFTE1,I
IND-NDPL1,I
IND-NEAS1,I
IND-NEHO1,I
IND-NEMO1,I
IND-NITR1,I
IND-NORL1,I
IND-NTPL1,I
IND-OMPX1,I
IND-OPMX1,I
IND-OUTL1,I
IND-PETC1,I
IND-PWMR1,I
IND-QUEN1,I
IND-RESP1,I
IND-RISQ1,I
IND-RWES1,I
IND-SECF1,I
IND-SETL1,I
IND-SIRI1,I
IND-SSEG1,I
IND-STAT1,I
IND-STGS1,I
IND-TGPL1,I
IND-TRFD1,I
IND-TRFG1,I
IND-TRLS1,I
IND-VOLT1,I
IND-VSAL1,I
IND-VTET1,I
IND-XNON1,I
INDQ-1,T
ING-ALIP1,I
ING-ALPE1,I
ING-ARON1,I
ING-AROS1,I
ING-ATLS1,I
ING-AXPO1,I
ING-BDEN1,I
ING-BKWE1,I
ING-BPGM1,I
ING-CACM1,I
ING-CBST1,I
ING-CCME1,I
ING-CENT1,I
ING-CETA1,I
ING-CEZC1,I
ING-CFPE1,I
ING-CNGS1,I
ING-COMM1,I
ING-CONS1,I
ING-CONV1,I
ING-COPN1,I
ING-DARE1,I
ING-DMCC1,I
ING-DSKC1,I
ING-DUFE1,I
ING-DVAL1,I
ING-EDFT1,I
ING-EDMK1,I
ING-ELEE1,I
ING-ELTR1,I
ING-ENET1,I
ING-ENTC1,I
ING-EPCO1,I
ING-EWII1,I
ING-EZCO1,I
ING-FLEX1,I
ING-GASE1,I
ING-GAZP1,I
ING-GENI1,I
ING-GLEN1,I
ING-GRMC1,I
ING-HART1,I
ING-HELI1,I
ING-IDCE1,I
ING-IDCT1,I
ING-INCM1,I
ING-KCST1,I
ING-LMUS1,I
ING-MCRA1,I
ING-MFTE1,I
ING-NDPL1,I
ING-NEAS1,I
ING-NEHO1,I
ING-NEMO1,I
ING-NITR1,I
ING-NORL1,I
ING-NTPL1,I
ING-OMPX1,I
ING-OPMX1,I
ING-OUTL1,I
ING-PETC1,I
ING-PWMR1,I
ING-QUEN1,I
ING-RESP1,I
ING-RISQ1,I
ING-RWES1,I
ING-SECF1,I
ING-SETL1,I
ING-SIRI1,I
ING-SSEG1,I
ING-STAT1,I
ING-STGS1,I
ING-TGPL1,I
ING-TRFD1,I
ING-TRFG1,I
ING-TRLS1,I
ING-VOLT1,I
ING-VSAL1,I
ING-VTET1,I
ING-XNON1,I
INGAD-1,T
INWID-1,T
ISD-DMCC1,I
ISD-NDPL1,I
ISG-DMCC1,I
ISG-NDPL1,I
IVD-AARH1,I
IVD-AENG1,I
IVD-ALIP1,I
IVD-ALPE1,I
IVD-AROS1,I
IVD-ATLS1,I
IVD-BDEN1,I
IVD-CACM1,I
IVD-CONV1,I
IVD-COPN1,I
IVD-CURR1,I
IVD-DARE1,I
IVD-DSKC1,I
IVD-DVAL1,I
IVD-EDFT1,I
IVD-EDMK1,I
IVD-EENG1,I
IVD-ELTR1,I
IVD-ENSC1,I
IVD-EWII1,I
IVD-EZCO1,I
IVD-GRDC1,I
IVD-GRMC1,I
IVD-GRMT1,I
IVD-HART1,I
IVD-HELI1,I
IVD-IDCE1,I
IVD-IDCT1,I
IVD-INCM1,I
IVD-KVAS1,I
IVD-LYSE1,I
IVD-MFTE1,I
IVD-NEAS1,I
IVD-NEHO1,I
IVD-NEXT1,I
IVD-NITR1,I
IVD-NORL1,I
IVD-NTPL1,I
IVD-OPMX1,I
IVD-OUTL1,I
IVD-PETC1,I
IVD-PWMR1,I
IVD-QTPT1,I
IVD-QUEN1,I
IVD-RESP1,I
IVD-RWES1,I
IVD-SEFE1,I
IVD-STAT1,I
IVD-STGS1,I
IVD-TGPL1,I
IVD-TRAS1,I
IVD-TRLS1,I
IVD-VOLT1,I
IVD-VSAL1,I
IVD-VTFS1,I
IVD-WOLF1,I
IVG-AARH1,I
IVG-AENG1,I
IVG-ALIP1,I
IVG-ALPE1,I
IVG-AROS1,I
IVG-ATLS1,I
IVG-BDEN1,I
IVG-CACM1,I
IVG-CONV1,I
IVG-COPN1,I
IVG-CURR1,I
IVG-DARE1,I
IVG-DSKC1,I
IVG-DVAL1,I
IVG-EDFT1,I
IVG-EDMK1,I
IVG-EENG1,I
IVG-ELTR1,I
IVG-ENSC1,I
IVG-EWII1,I
IVG-EZCO1,I
IVG-GRDC1,I
IVG-GRMC1,I
IVG-GRMT1,I
IVG-HART1,I
IVG-HELI1,I
IVG-IDCE1,I
IVG-IDCT1,I
IVG-INCM1,I
IVG-KVAS1,I
IVG-LYSE1,I
IVG-MFTE1,I
IVG-NEAS1,I
IVG-NEHO1,I
IVG-NEXT1,I
IVG-NITR1,I
IVG-NORL1,I
IVG-NTPL1,I
IVG-OPMX1,I
IVG-OUTL1,I
IVG-PETC1,I
IVG-PWMR1,I
IVG-QTPT1,I
IVG-QUEN1,I
IVG-RESP1,I
IVG-RWES1,I
IVG-SEFE1,I
IVG-STAT1,I
IVG-STGS1,I
IVG-TGPL1,I
IVG-TRAS1,I
IVG-TRLS1,I
IVG-VKL1,
IVG-VOLT1,I
IVG-VSAL1,I
IVG-VTFS1,I
IVG-WOLF1,I
JAMBB-1,E
JAMBB-2,E
JGPR-1,T
JJERE000,G
KEAD-1,T
KEAD-2,T
KEADGT-3,T
KEMB-1,T
KENNW-1,T
KHLLW-1,E
KILBW-1,T
KILLPG-1,T
KILLPG-2,T
KILLSC-1,T
KILLSC-2,T
KILNS,T
KILNS-1,
KILSB-1,T
KILSB-2,T
KILSB-3,T
KILSB-4,T
KILSB-5,T
KILSB-6,T
KILSD-1,T
KILSD-2,T
KILSD-3,T
KILSD-4,T
KINCW-1,E
KJERE000,G
KLDMW-1,
KLGLW-1,T
KLYN-A-1,E
KNLCV-1,S
KPMRW-1,T
KTHLW-1,T
KTHRS-1,T
KTHRS-2,T
KYPEW-1,T
LAGA-1,T
LARKB-1,T
LARKS-1,T
LARYO-1,T
LARYO-2,T
LARYO-3,T
LARYO-4,T
LBAR-1,T
LBAR-1G,T
LCHWT-1,E
LCKLB-1,S
LCLTW-1,T
LCSMH-1,S
LFSE01,S
LGPKW-1,
LIMKW-1,T
LITRB-1,E
LJERE000,G
LKSDB-1,T
LLWSD-1,T
LNCSO-1,T
LNCSO-2,T
LNMTH-1,E
LNMTH-2,E
LNMTH-3,E
LON-ATL01,G
LON-AXPO1,G
LON-BGS01,G
LON-BIZ01,G
LON-EAS01,G
LON-EDF01,G
LON-EDR01,G
LON-ENR01,G
LON-EON01,G
LON-EST01,G
LON-GDF01,G
LON-HPW01,G
LON-HVN01,G
LON-INE01,G
LON-LON01,G
LON-MEC01,G
LON-MID01,G
LON-MNW01,G
LON-NEE01,G
LON-NPE01,G
LON-NWP01,G
LON-OCT01,G
LON-OGA01,G
LON-OVO01,G
LON-PGE01,G
LON-PGU01,G
LON-RNW01,G
LON-SEE01,G
LON-SEL01,G
LON-SPC01,G
LON-SSE01,G
LON-STH01,G
LON-SWA01,G
LON-SWT01,G
LON-SYM01,G
LON-TFE01,G
LON-TIL01,G
LON-YEP01,G
LRDSC-1,T
LRDSC-2,T
LSTWY-1,E
LUICD-1,T
MANNB-1,V
MANXENR-1,E
MARK-1,E
MARMD-1,T
MDHLW-1,S
MDLWH-1,E
MEADD-1,T
MEDP-1,T
MELKB-1,V
MID-ATL01,G
MID-AXPO1,G
MID-BGS01,G
MID-BIZ01,G
MID-EAS01,G
MID-EDF01,G
MID-EDR01,G
MID-ENR01,G
MID-EON01,G
MID-EST01,G
MID-GDF01,G
MID-HPW01,G
MID-HVN01,G
MID-INE01,G
MID-LON01,G
MID-MEC01,G
MID-MID01,G
MID-MNW01,G
MID-NEE01,G
MID-NPE01,G
MID-NWP01,G
MID-OCT01,G
MID-OGA01,G
MID-OVO01,G
MID-PGE01,G
MID-PGU01,G
MID-RNW01,G
MID-SEE01,G
MID-SEL01,G
MID-SPC01,G
MID-SSE01,G
MID-STH01,G
MID-SWA01,G
MID-SWT01,G
MID-SYM01,G
MID-TFE01,G
MID-TIL01,G
MID-YEP01,G
MIDMW-1,T
MILWW-1,T
MINSW-1,E
MJERE000,G
MKFRB-1,T
MKHLW-1,T
MNW-ATL01,G
MNW-AXPO1,G
MNW-BGS01,G
MNW-BIZ01,G
MNW-EAS01,G
MNW-EDF01,G
MNW-EDR01,G
MNW-ENR01,G
MNW-EON01,G
MNW-EST01,G
MNW-GDF01,G
MNW-HPW01,G
MNW-HVN01,G
MNW-INE01,G
MNW-LON01,G
MNW-MEC01,G
MNW-MID01,G
MNW-MNW01,G
MNW-NEE01,G
MNW-NPE01,G
MNW-NWP01,G
MNW-OCT01,G
MNW-OGA01,G
MNW-OVO01,G
MNW-PGE01,G
MNW-PGU01,G
MNW-RNW01,G
MNW-SEE01,G
MNW-SEL01,G
MNW-SPC01,G
MNW-SSE01,G
MNW-STH01,G
MNW-SWA01,G
MNW-SWT01,G
MNW-SYM01,G
MNW-TFE01,G
MNW-TIL01,G
MNW-YEP01,G
MORFL-1,E
MOSED-1,T
MOSWD-1,T
MOWEO-1,T
MOWEO-2,T
MOWEO-3,T
MOWWO-1,T
MOWWO-2,T
MOWWO-3,T
MOWWO-4,T
MOYEW-1,E
MRWD-1,T
MYGPW-1,T
NANT-1,T
NEE-ATL01,G
NEE-AXPO1,G
NEE-BGS01,G
NEE-BIZ01,G
NEE-DON01,G
NEE-EAS01,G
NEE-EDF01,G
NEE-EDR01,G
NEE-ENR01,G
NEE-EON01,G
NEE-EST01,G
NEE-GDF01,G
NEE-HPW01,G
NEE-HVN01,G
NEE-LON01,G
NEE-MEC01,G
NEE-MID01,G
NEE-MNW01,G
NEE-NEE01,G
NEE-NPE01,G
NEE-NWP01,G
NEE-OCT01,G
NEE-OGA01,G
NEE-OVO01,G
NEE-PGE01,G
NEE-PGU01,G
NEE-RNW01,G
NEE-SEE01,G
NEE-SEL01,G
NEE-SPC01,G
NEE-SSE01,G
NEE-STH01,G
NEE-SWA01,G
NEE-SWT01,G
NEE-SYM01,G
NEE-TFE01,G
NEE-TIL01,G
NEE-YEP01,G
NEWPB-1,E
NEWTB-1,E
NFSE02,S
NJERE000,G
NLSTB-1,T
NNGAO-1,T
NNGAO-2,T
NNPW01,S
NOKYW-1,T
NOKYW-2,T
NOVAW-1,
NOVAW-2,
NSC-ATL01,G
NSC-AXPO1,G
NSC-BGS01,G
NSC-BIZ01,G
NSC-ECO01,G
NSC-EDF01,G
NSC-EDR01,G
NSC-ENR01,G
NSC-EON01,G
NSC-EST01,G
NSC-GDF01,G
NSC-HPW01,G
NSC-HVN01,G
NSC-INE01,G
NSC-LON01,G
NSC-MID01,G
NSC-MNW01,G
NSC-NEE01,G
NSC-NPE01,G
NSC-OCT01,G
NSC-OGA01,G
NSC-OVO01,G
NSC-PGE01,G
NSC-PGU01,G
NSC-SEE01,G
NSC-SEL01,G
NSC-SPC01,G
NSC-SSE01,G
NSC-STH01,G
NSC-SWA01,G
NSC-SWT01,G
NSC-SYM01,G
NSC-TFE01,G
NSC-TIL01,G
NSC-YEP01,G
NSQYT-1,
NTAWB-1,E
NTRVB-1,T
NURSB-1,T
NWP-ATL01,G
NWP-AXPO1,G
NWP-BGS01,G
NWP-BIZ01,G
NWP-EAS01,G
NWP-EDF01,G
NWP-EDR01,G
NWP-ENR01,G
NWP-EON01,G
NWP-EST01,G
NWP-GDF01,G
NWP-HPW01,G
NWP-HVN01,G
NWP-INE01,G
NWP-LON01,G
NWP-MEC01,G
NWP-MID01,G
NWP-MNW01,G
NWP-NEE01,G
NWP-NPE01,G
NWP-NWP01,G
NWP-OCT01,G
NWP-OGA01,G
NWP-OVO01,G
NWP-PGE01,G
NWP-PGU01,G
NWP-RNW01,G
NWP-SEE01,G
NWP-SEL01,G
NWP-SPC01,G
NWP-SSE01,G
NWP-STH01,G
NWP-SWA01,G
NWP-SWT01,G
NWP-SYM01,G
NWP-TFE01,G
NWP-TIL01,G
NWP-YEP01,G
OCHLB-1,T
OLDHB-1,E
OMNDO-1,T
OVRHB-1,
PARHD-1,T
PAUHW-1,S
PEHE-1,T
PEHE-2,T
PEHED-1,T
PEMB-11,T
PEMB-21,T
PEMB-31,T
PEMB-41,T
PEMB-51,T
PETEM1,E
PETEM3,E
PGBIW-1,T
PGBRK-1,E
PGBRY-1,E
PGEXT-1,E
PGFAR-1,E
PGHVT-1,E
PGLAN-1,E
PGSOU-1,E
PIBUW-1,E
PILLB-1,E
PILLB-2,E
PINFB-1,T
PINFB-2,T
PINFB-3,T
PINFB-4,T
PINFD-5,T
PINFD-6,T
PJERE000,G
PLYRK-1,E
PNYCB-1,T
PNYCW-1,T
POOBD-1,T
PORGD-1,T
POTES-1,E
PTLDW-1,
RAKE-1,E
RANN-1,
RANN-2,
RANN-3,
RASSP-1,E
RATS-1,T
RATS-2,T
RATS-3,T
RATS-4,T
RATSGT-2,T
RATSGT-4,T
RAVED-1,T
RCBKO-1,T
RCBKO-2,T
RDFRB-1,E
RDFRD-1,E
RDSCR-1,E
REDGT-1,
RHAMD-1,T
RHEI-4,E
RICHB-1,T
RICHB-2,T
RIVEN-1,
RMPNO-1,T
RMPNO-2,T
ROARB-1,E
ROCK-1,T
ROOSB-1,E
ROTHW-1,S
RREW-1,T
RRWW-1,T
RSCRB-1,S
RSHLW-1,S
RTHSC-1,T
RUGGT-6,T
RUGGT-7,T
RUGPS-6,T
RUGPS-7,T
RUGPS-STX,E
RYHPS-1,T
SACOD-1,T
SAKNW-1,T
SANQW-1,T
SCCL-1,T
SCCL-2,T
SCCL-3,T
SCCLD-1,T
SEAB-1,T
SEAB-2,T
SEE-ATL01,G
SEE-AXPO1,G
SEE-BGS01,G
SEE-BIZ01,G
SEE-EAS01,G
SEE-EDF01,G
SEE-EDR01,G
SEE-ENR01,G
SEE-EON01,G
SEE-EST01,G
SEE-GDF01,G
SEE-HPW01,G
SEE-HVN01,G
SEE-INE01,G
SEE-LON01,G
SEE-MEC01,G
SEE-MID01,G
SEE-MNW01,G
SEE-NEE01,G
SEE-NPE01,G
SEE-NWP01,G
SEE-OCT01,G
SEE-OGA01,G
SEE-OVO01,G
SEE-PGE01,G
SEE-PGU01,G
SEE-RNW01,G
SEE-SEE01,G
SEE-SEL01,G
SEE-SPC01,G
SEE-SSE01,G
SEE-STH01,G
SEE-SWA01,G
SEE-SWT01,G
SEE-SYM01,G
SEE-TFE01,G
SEE-TIL01,G
SEE-VTF01,G
SEE-YEP01,G
SEEL-1,T
SEVIU-1,E
SFERD-1,T
SFGSD-1,T
SFGSD-2,T
SFIL-1,
SFILD-1,T
SGRWO-1,T
SGRWO-2,T
SGRWO-3,T
SGRWO-4,T
SGRWO-5,T
SGRWO-6,T
SHBA-1,T
SHBA-2,T
SHILB-1,E
SHIN-1,
SHIN-2,
SHOS-1,E
SHRSO-1,T
SHRSO-2,T
SIMEC-1,
SIZB-1,T
SIZB-2,T
SKELB-1,E
SLOY-1,T
SLOY-2,T
SLOY-3,T
SLOY-4,T
SLOYD-1,T
SOFOW-11,
SOFOW-12,
SOFOW-21,
SOFOW-22,
SOKYW-1,T
SOLUU-1,E
SPEY-1,
SPLN-1,T
SSC-ATL01,G
SSC-AXPO1,G
SSC-BGS01,G
SSC-BIZ01,G
SSC-ECO01,G
SSC-EDF01,G
SSC-EDR01,G
SSC-ENR01,G
SSC-EON01,G
SSC-EST01,G
SSC-GDF01,G
SSC-HPW01,G
SSC-HVN01,G
SSC-INE01,G
SSC-LON01,G
SSC-MID01,G
SSC-MNW01,G
SSC-NEE01,G
SSC-NPE01,G
SSC-OCT01,G
SSC-OGA01,G
SSC-OVO01,G
SSC-PGE01,G
SSC-PGU01,G
SSC-SEE01,G
SSC-SEL01,G
SSC-SPC01,G
SSC-SSE01,G
SSC-STH01,G
SSC-SWA01,G
SSC-SWT01,G
SSC-SYM01,G
SSC-TFE01,G
SSC-TIL01,G
SSC-YEP01,G
STALB-1,E
STAY-1,T
STAY-2,T
STAY-3,T
STAY-4,T
STCR-1,
STH-ATL01,G
STH-AXPO1,G
STH-BGS01,G
STH-BIZ01,G
STH-EAS01,G
STH-EDF01,G
STH-EDR01,G
STH-ENR01,G
STH-EON01,G
STH-EST01,G
STH-GDF01,G
STH-HPW01,G
STH-HVN01,G
STH-INE01,G
STH-LON01,G
STH-MEC01,G
STH-MID01,G
STH-MNW01,G
STH-NEE01,G
STH-NPE01,G
STH-NWP01,G
STH-OCT01,G
STH-OGA01,G
STH-OVO01,G
STH-PGE01,G
STH-PGU01,G
STH-RNW01,G
STH-SEE01,G
STH-SEL01,G
STH-SPC01,G
STH-SSE01,G
STH-STH01,G
STH-SWA01,G
STH-SWT01,G
STH-SYM01,G
STH-TFE01,G
STH-TIL01,G
STH-YEP01,G
STLGW-1,T
STLGW-2,T
STLGW-3,T
STPSW-1,
STRNW-1,T
SUDME-1,E
SUNDB-1,T
SUTB-1,T
SUTBS-1,T
SVRP-10,T
SVRP-20,T
SWA-ATL01,G
SWA-AXPO1,G
SWA-BGS01,G
SWA-BIZ01,G
SWA-EAS01,G
SWA-EDF01,G
SWA-EDR01,G
SWA-ENR01,G
SWA-EON01,G
SWA-EST01,G
SWA-GDF01,G
SWA-HPW01,G
SWA-HVN01,G
SWA-INE01,G
SWA-LON01,G
SWA-MEC01,G
SWA-MID01,G
SWA-MNW01,G
SWA-NEE01,G
SWA-NPE01,G
SWA-NWP01,G
SWA-OCT01,G
SWA-OGA01,G
SWA-OVO01,G
SWA-PGE01,G
SWA-PGU01,G
SWA-RNW01,G
SWA-SEE01,G
SWA-SEL01,G
SWA-SPC01,G
SWA-SSE01,G
SWA-STH01,G
SWA-SWA01,G
SWA-SWT01,G
SWA-SYM01,G
SWA-TFE01,G
SWA-TIL01,G
SWA-UKP01,G
SWA-YEP01,G
SWBKW-1,E
SWDNB-1,E
SWGTB-1,S
SWT-ATL01,G
SWT-AXPO1,G
SWT-BGS01,G
SWT-BIZ01,G
SWT-EAS01,G
SWT-EDF01,G
SWT-EDR01,G
SWT-ENR01,G
SWT-EON01,G
SWT-EST01,G
SWT-GDF01,G
SWT-HPW01,G
SWT-HVN01,G
SWT-INE01,G
SWT-LON01,G
SWT-MEC01,G
SWT-MID01,G
SWT-MNW01,G
SWT-NEE01,G
SWT-NPE01,G
SWT-NWP01,G
SWT-OCT01,G
SWT-OGA01,G
SWT-OVO01,G
SWT-PGE01,G
SWT-PGU01,G
SWT-RNW01,G
SWT-SEE01,G
SWT-SEL01,G
SWT-SPC01,G
SWT-SSE01,G
SWT-STH01,G
SWT-SWA01,G
SWT-SWT01,G
SWT-SYM01,G
SWT-TFE01,G
SWT-TIL01,G
SWT-YEP01,G
SZJNB-1,T
TACHW-1,S
TANGW-1,
TAYL2G,E
TAYL3G,E
TDBNW-1,T
TDRVE-1,E
TEBWB-1,T
TEBWS-1,T
THMRB-1,E
THNTO-1,T
THNTO-2,T
THRNL-1,E
THURB-1,T
THURB-2,T
THURB-3,T
TIBG-1,E
TINSD-1,T
TKNEW-1,T
TKNWW-1,T
TLYMW-1,E
TMNCW-1,S
TMWLW-1,
TODSD-1,T
TOLLB-1,E
TONG-1,
TONG-2,
TONG-3,
TORN-1,T
TORN-2,T
TORND-1,T
TORQB-1,E
TRFPK-1,E
TRLGW-1,T
TRMFD-1,T
TSREP-1,T
TULWW-1,E
TULWW-2,E
TUMB-1,
TUMB-2,
TWSHW-1,T
TYLNB-1,T
TYLNS-1,T
T_FERGD-1,T
T_FERGD-2,T
USKM-13,T
USKM-14,T
USKM-15,T
VKING-2,E
VKNGW-1,T
VKNGW-2,T
VKNGW-3,T
VKNGW-4,T
WBUGT-1,T
WBUGT-4,T
WBUPS-1,T
WBUPS-2,T
WBUPS-3,T
WBUPS-4,T
WBUPS-STX,E
WBURB-1,T
WBURB-2,T
WBURB-3,T
WBURB-41,T
WBURB-43,T
WDNSO-1,T
WDNSO-2,T
WDRGW-1,T
WHIHW-1,T
WHILW-1,T
WHILW-2,T
WHLWB-1,T
WHTBB-1,E
WHTLD-1,T
WILCT-1,T
WINN-1,
WISHB-1,T
WISHD-1,T
WISTW-2,T
WLNYO-2,T
WLNYO-3,T
WLNYO-4,T
WLNYW-1,T
WTGRW-1,
WTMSO-1,T
WTRLN-1,E
WTRSB-1,S
WYLF-1,T
WYLF-2,T
WYLF-3,T
WYLF-4,T
YEP-ATL01,G
YEP-AXPO1,G
YEP-BGS01,G
YEP-BIZ01,G
YEP-BRT01,G
YEP-EAS01,G
YEP-EDF01,G
YEP-EDR01,G
YEP-ENR01,G
YEP-EON01,G
YEP-EST01,G
YEP-GDF01,G
YEP-HPW01,G
YEP-HVN01,G
YEP-INE01,G
YEP-LON01,G
YEP-MEC01,G
YEP-MID01,G
YEP-MNW01,G
YEP-NEE01,G
YEP-NPE01,G
YEP-NWP01,G
YEP-OCT01,G
YEP-OGA01,G
YEP-OVO01,G
YEP-PGE01,G
YEP-PGU01,G
YEP-RNW01,G
YEP-SEE01,G
YEP-SEL01,G
YEP-SPC01,G
YEP-SSE01,G
YEP-STH01,G
YEP-SWA01,G
YEP-SWT01,G
YEP-SYM01,G
YEP-TFE01,G
YEP-TIL01,G
YEP-YEP01,G
ZEN02A,V
